From,To,Distance
Location1,Location2,107.0
Location1,Location3,241.0
Location1,Location4,190.0
Location1,Location5,124.0
Location1,Location6,80.0
Location1,Location7,316.0
Location1,Location8,76.0
Location1,Location9,152.0
Location1,Location10,157.0
Location1,Location11,283.0
Location1,Location12,133.0
Location1,Location13,113.0
Location1,Location14,297.0
Location1,Location15,228.0
Location1,Location16,129.0
Location1,Location17,348.0
Location1,Location18,276.0
Location1,Location19,188.0
Location1,Location20,150.0
Location1,Location21,65.0
Location1,Location22,341.0
Location1,Location23,184.0
Location1,Location24,67.0
Location1,Location25,221.0
Location1,Location26,169.0
Location1,Location27,108.0
Location1,Location28,45.0
Location1,Location29,167.0
Location2,Location1,107.0
Location2,Location3,148.0
Location2,Location4,137.0
Location2,Location5,88.0
Location2,Location6,127.0
Location2,Location7,336.0
Location2,Location8,183.0
Location2,Location9,134.0
Location2,Location10,95.0
Location2,Location11,254.0
Location2,Location12,180.0
Location2,Location13,101.0
Location2,Location14,234.0
Location2,Location15,175.0
Location2,Location16,176.0
Location2,Location17,265.0
Location2,Location18,199.0
Location2,Location19,182.0
Location2,Location20,67.0
Location2,Location21,42.0
Location2,Location22,278.0
Location2,Location23,271.0
Location2,Location24,146.0
Location2,Location25,251.0
Location2,Location26,105.0
Location2,Location27,191.0
Location2,Location28,139.0
Location2,Location29,79.0
Location3,Location1,241.0
Location3,Location2,148.0
Location3,Location4,374.0
Location3,Location5,171.0
Location3,Location6,259.0
Location3,Location7,509.0
Location3,Location8,317.0
Location3,Location9,217.0
Location3,Location10,232.0
Location3,Location11,491.0
Location3,Location12,312.0
Location3,Location13,280.0
Location3,Location14,391.0
Location3,Location15,412.0
Location3,Location16,349.0
Location3,Location17,422.0
Location3,Location18,356.0
Location3,Location19,355.0
Location3,Location20,204.0
Location3,Location21,182.0
Location3,Location22,435.0
Location3,Location23,417.0
Location3,Location24,292.0
Location3,Location25,424.0
Location3,Location26,116.0
Location3,Location27,337.0
Location3,Location28,273.0
Location3,Location29,77.0
Location4,Location1,190.0
Location4,Location2,137.0
Location4,Location3,374.0
Location4,Location5,202.0
Location4,Location6,234.0
Location4,Location7,222.0
Location4,Location8,192.0
Location4,Location9,248.0
Location4,Location10,42.0
Location4,Location11,117.0
Location4,Location12,287.0
Location4,Location13,79.0
Location4,Location14,107.0
Location4,Location15,38.0
Location4,Location16,121.0
Location4,Location17,152.0
Location4,Location18,86.0
Location4,Location19,68.0
Location4,Location20,70.0
Location4,Location21,137.0
Location4,Location22,151.0
Location4,Location23,239.0
Location4,Location24,135.0
Location4,Location25,137.0
Location4,Location26,242.0
Location4,Location27,165.0
Location4,Location28,228.0
Location4,Location29,205.0
Location5,Location1,124.0
Location5,Location2,88.0
Location5,Location3,171.0
Location5,Location4,202.0
Location5,Location6,61.0
Location5,Location7,392.0
Location5,Location8,202.0
Location5,Location9,46.0
Location5,Location10,160.0
Location5,Location11,319.0
Location5,Location12,112.0
Location5,Location13,163.0
Location5,Location14,322.0
Location5,Location15,240.0
Location5,Location16,232.0
Location5,Location17,314.0
Location5,Location18,287.0
Location5,Location19,238.0
Location5,Location20,155.0
Location5,Location21,65.0
Location5,Location22,366.0
Location5,Location23,300.0
Location5,Location24,175.0
Location5,Location25,307.0
Location5,Location26,57.0
Location5,Location27,220.0
Location5,Location28,121.0
Location5,Location29,97.0
Location6,Location1,80.0
Location6,Location2,127.0
Location6,Location3,259.0
Location6,Location4,234.0
Location6,Location5,61.0
Location6,Location7,386.0
Location6,Location8,141.0
Location6,Location9,72.0
Location6,Location10,167.0
Location6,Location11,351.0
Location6,Location12,55.0
Location6,Location13,157.0
Location6,Location14,331.0
Location6,Location15,272.0
Location6,Location16,226.0
Location6,Location17,362.0
Location6,Location18,296.0
Location6,Location19,232.0
Location6,Location20,164.0
Location6,Location21,85.0
Location6,Location22,375.0
Location6,Location23,249.0
Location6,Location24,147.0
Location6,Location25,301.0
Location6,Location26,118.0
Location6,Location27,188.0
Location6,Location28,60.0
Location6,Location29,185.0
Location7,Location1,316.0
Location7,Location2,336.0
Location7,Location3,509.0
Location7,Location4,222.0
Location7,Location5,392.0
Location7,Location6,386.0
Location7,Location8,233.0
Location7,Location9,438.0
Location7,Location10,254.0
Location7,Location11,202.0
Location7,Location12,439.0
Location7,Location13,235.0
Location7,Location14,254.0
Location7,Location15,210.0
Location7,Location16,187.0
Location7,Location17,313.0
Location7,Location18,266.0
Location7,Location19,154.0
Location7,Location20,282.0
Location7,Location21,321.0
Location7,Location22,298.0
Location7,Location23,168.0
Location7,Location24,249.0
Location7,Location25,95.0
Location7,Location26,437.0
Location7,Location27,190.0
Location7,Location28,314.0
Location7,Location29,435.0
Location8,Location1,76.0
Location8,Location2,183.0
Location8,Location3,317.0
Location8,Location4,192.0
Location8,Location5,202.0
Location8,Location6,141.0
Location8,Location7,233.0
Location8,Location9,213.0
Location8,Location10,188.0
Location8,Location11,272.0
Location8,Location12,193.0
Location8,Location13,131.0
Location8,Location14,302.0
Location8,Location15,233.0
Location8,Location16,98.0
Location8,Location17,344.0
Location8,Location18,289.0
Location8,Location19,177.0
Location8,Location20,216.0
Location8,Location21,141.0
Location8,Location22,346.0
Location8,Location23,108.0
Location8,Location24,57.0
Location8,Location25,190.0
Location8,Location26,245.0
Location8,Location27,43.0
Location8,Location28,81.0
Location8,Location29,243.0
Location9,Location1,152.0
Location9,Location2,134.0
Location9,Location3,217.0
Location9,Location4,248.0
Location9,Location5,46.0
Location9,Location6,72.0
Location9,Location7,438.0
Location9,Location8,213.0
Location9,Location10,206.0
Location9,Location11,365.0
Location9,Location12,89.0
Location9,Location13,209.0
Location9,Location14,368.0
Location9,Location15,286.0
Location9,Location16,278.0
Location9,Location17,360.0
Location9,Location18,333.0
Location9,Location19,284.0
Location9,Location20,201.0
Location9,Location21,111.0
Location9,Location22,412.0
Location9,Location23,321.0
Location9,Location24,221.0
Location9,Location25,353.0
Location9,Location26,72.0
Location9,Location27,266.0
Location9,Location28,132.0
Location9,Location29,111.0
Location10,Location1,157.0
Location10,Location2,95.0
Location10,Location3,232.0
Location10,Location4,42.0
Location10,Location5,160.0
Location10,Location6,167.0
Location10,Location7,254.0
Location10,Location8,188.0
Location10,Location9,206.0
Location10,Location11,159.0
Location10,Location12,220.0
Location10,Location13,57.0
Location10,Location14,149.0
Location10,Location15,80.0
Location10,Location16,132.0
Location10,Location17,193.0
Location10,Location18,127.0
Location10,Location19,100.0
Location10,Location20,28.0
Location10,Location21,95.0
Location10,Location22,193.0
Location10,Location23,241.0
Location10,Location24,131.0
Location10,Location25,169.0
Location10,Location26,200.0
Location10,Location27,161.0
Location10,Location28,189.0
Location10,Location29,163.0
Location11,Location1,283.0
Location11,Location2,254.0
Location11,Location3,491.0
Location11,Location4,117.0
Location11,Location5,319.0
Location11,Location6,351.0
Location11,Location7,202.0
Location11,Location8,272.0
Location11,Location9,365.0
Location11,Location10,159.0
Location11,Location12,404.0
Location11,Location13,176.0
Location11,Location14,106.0
Location11,Location15,79.0
Location11,Location16,161.0
Location11,Location17,165.0
Location11,Location18,141.0
Location11,Location19,95.0
Location11,Location20,187.0
Location11,Location21,254.0
Location11,Location22,103.0
Location11,Location23,279.0
Location11,Location24,215.0
Location11,Location25,117.0
Location11,Location26,359.0
Location11,Location27,216.0
Location11,Location28,308.0
Location11,Location29,322.0
Location12,Location1,133.0
Location12,Location2,180.0
Location12,Location3,312.0
Location12,Location4,287.0
Location12,Location5,112.0
Location12,Location6,55.0
Location12,Location7,439.0
Location12,Location8,193.0
Location12,Location9,89.0
Location12,Location10,220.0
Location12,Location11,404.0
Location12,Location13,210.0
Location12,Location14,384.0
Location12,Location15,325.0
Location12,Location16,279.0
Location12,Location17,415.0
Location12,Location18,349.0
Location12,Location19,285.0
Location12,Location20,217.0
Location12,Location21,138.0
Location12,Location22,428.0
Location12,Location23,310.0
Location12,Location24,200.0
Location12,Location25,354.0
Location12,Location26,169.0
Location12,Location27,241.0
Location12,Location28,112.0
Location12,Location29,238.0
Location13,Location1,113.0
Location13,Location2,101.0
Location13,Location3,280.0
Location13,Location4,79.0
Location13,Location5,163.0
Location13,Location6,157.0
Location13,Location7,235.0
Location13,Location8,131.0
Location13,Location9,209.0
Location13,Location10,57.0
Location13,Location11,176.0
Location13,Location12,210.0
Location13,Location14,186.0
Location13,Location15,117.0
Location13,Location16,75.0
Location13,Location17,231.0
Location13,Location18,165.0
Location13,Location19,81.0
Location13,Location20,85.0
Location13,Location21,92.0
Location13,Location22,230.0
Location13,Location23,184.0
Location13,Location24,74.0
Location13,Location25,150.0
Location13,Location26,208.0
Location13,Location27,104.0
Location13,Location28,158.0
Location13,Location29,206.0
Location14,Location1,297.0
Location14,Location2,234.0
Location14,Location3,391.0
Location14,Location4,107.0
Location14,Location5,322.0
Location14,Location6,331.0
Location14,Location7,254.0
Location14,Location8,302.0
Location14,Location9,368.0
Location14,Location10,149.0
Location14,Location11,106.0
Location14,Location12,384.0
Location14,Location13,186.0
Location14,Location15,69.0
Location14,Location16,191.0
Location14,Location17,59.0
Location14,Location18,35.0
Location14,Location19,125.0
Location14,Location20,167.0
Location14,Location21,255.0
Location14,Location22,44.0
Location14,Location23,309.0
Location14,Location24,245.0
Location14,Location25,169.0
Location14,Location26,327.0
Location14,Location27,246.0
Location14,Location28,335.0
Location14,Location29,288.0
Location15,Location1,228.0
Location15,Location2,175.0
Location15,Location3,412.0
Location15,Location4,38.0
Location15,Location5,240.0
Location15,Location6,272.0
Location15,Location7,210.0
Location15,Location8,233.0
Location15,Location9,286.0
Location15,Location10,80.0
Location15,Location11,79.0
Location15,Location12,325.0
Location15,Location13,117.0
Location15,Location14,69.0
Location15,Location16,122.0
Location15,Location17,122.0
Location15,Location18,56.0
Location15,Location19,56.0
Location15,Location20,108.0
Location15,Location21,175.0
Location15,Location22,113.0
Location15,Location23,240.0
Location15,Location24,176.0
Location15,Location25,125.0
Location15,Location26,280.0
Location15,Location27,177.0
Location15,Location28,266.0
Location15,Location29,243.0
Location16,Location1,129.0
Location16,Location2,176.0
Location16,Location3,349.0
Location16,Location4,121.0
Location16,Location5,232.0
Location16,Location6,226.0
Location16,Location7,187.0
Location16,Location8,98.0
Location16,Location9,278.0
Location16,Location10,132.0
Location16,Location11,161.0
Location16,Location12,279.0
Location16,Location13,75.0
Location16,Location14,191.0
Location16,Location15,122.0
Location16,Location17,244.0
Location16,Location18,178.0
Location16,Location19,66.0
Location16,Location20,160.0
Location16,Location21,161.0
Location16,Location22,235.0
Location16,Location23,118.0
Location16,Location24,62.0
Location16,Location25,92.0
Location16,Location26,277.0
Location16,Location27,55.0
Location16,Location28,155.0
Location16,Location29,275.0
Location17,Location1,348.0
Location17,Location2,265.0
Location17,Location3,422.0
Location17,Location4,152.0
Location17,Location5,314.0
Location17,Location6,362.0
Location17,Location7,313.0
Location17,Location8,344.0
Location17,Location9,360.0
Location17,Location10,193.0
Location17,Location11,165.0
Location17,Location12,415.0
Location17,Location13,231.0
Location17,Location14,59.0
Location17,Location15,122.0
Location17,Location16,244.0
Location17,Location18,66.0
Location17,Location19,178.0
Location17,Location20,198.0
Location17,Location21,286.0
Location17,Location22,77.0
Location17,Location23,362.0
Location17,Location24,287.0
Location17,Location25,228.0
Location17,Location26,358.0
Location17,Location27,299.0
Location17,Location28,380.0
Location17,Location29,319.0
Location18,Location1,276.0
Location18,Location2,199.0
Location18,Location3,356.0
Location18,Location4,86.0
Location18,Location5,287.0
Location18,Location6,296.0
Location18,Location7,266.0
Location18,Location8,289.0
Location18,Location9,333.0
Location18,Location10,127.0
Location18,Location11,141.0
Location18,Location12,349.0
Location18,Location13,165.0
Location18,Location14,35.0
Location18,Location15,56.0
Location18,Location16,178.0
Location18,Location17,66.0
Location18,Location19,112.0
Location18,Location20,132.0
Location18,Location21,220.0
Location18,Location22,79.0
Location18,Location23,296.0
Location18,Location24,232.0
Location18,Location25,181.0
Location18,Location26,292.0
Location18,Location27,233.0
Location18,Location28,314.0
Location18,Location29,253.0
Location19,Location1,188.0
Location19,Location2,182.0
Location19,Location3,355.0
Location19,Location4,68.0
Location19,Location5,238.0
Location19,Location6,232.0
Location19,Location7,154.0
Location19,Location8,177.0
Location19,Location9,284.0
Location19,Location10,100.0
Location19,Location11,95.0
Location19,Location12,285.0
Location19,Location13,81.0
Location19,Location14,125.0
Location19,Location15,56.0
Location19,Location16,66.0
Location19,Location17,178.0
Location19,Location18,112.0
Location19,Location20,128.0
Location19,Location21,167.0
Location19,Location22,169.0
Location19,Location23,179.0
Location19,Location24,120.0
Location19,Location25,69.0
Location19,Location26,283.0
Location19,Location27,121.0
Location19,Location28,213.0
Location19,Location29,281.0
Location20,Location1,150.0
Location20,Location2,67.0
Location20,Location3,204.0
Location20,Location4,70.0
Location20,Location5,155.0
Location20,Location6,164.0
Location20,Location7,282.0
Location20,Location8,216.0
Location20,Location9,201.0
Location20,Location10,28.0
Location20,Location11,187.0
Location20,Location12,217.0
Location20,Location13,85.0
Location20,Location14,167.0
Location20,Location15,108.0
Location20,Location16,160.0
Location20,Location17,198.0
Location20,Location18,132.0
Location20,Location19,128.0
Location20,Location21,88.0
Location20,Location22,211.0
Location20,Location23,269.0
Location20,Location24,159.0
Location20,Location25,197.0
Location20,Location26,172.0
Location20,Location27,189.0
Location20,Location28,182.0
Location20,Location29,135.0
Location21,Location1,65.0
Location21,Location2,42.0
Location21,Location3,182.0
Location21,Location4,137.0
Location21,Location5,65.0
Location21,Location6,85.0
Location21,Location7,321.0
Location21,Location8,141.0
Location21,Location9,111.0
Location21,Location10,95.0
Location21,Location11,254.0
Location21,Location12,138.0
Location21,Location13,92.0
Location21,Location14,255.0
Location21,Location15,175.0
Location21,Location16,161.0
Location21,Location17,286.0
Location21,Location18,220.0
Location21,Location19,167.0
Location21,Location20,88.0
Location21,Location22,299.0
Location21,Location23,229.0
Location21,Location24,104.0
Location21,Location25,236.0
Location21,Location26,110.0
Location21,Location27,149.0
Location21,Location28,97.0
Location21,Location29,108.0
Location22,Location1,341.0
Location22,Location2,278.0
Location22,Location3,435.0
Location22,Location4,151.0
Location22,Location5,366.0
Location22,Location6,375.0
Location22,Location7,298.0
Location22,Location8,346.0
Location22,Location9,412.0
Location22,Location10,193.0
Location22,Location11,103.0
Location22,Location12,428.0
Location22,Location13,230.0
Location22,Location14,44.0
Location22,Location15,113.0
Location22,Location16,235.0
Location22,Location17,77.0
Location22,Location18,79.0
Location22,Location19,169.0
Location22,Location20,211.0
Location22,Location21,299.0
Location22,Location23,353.0
Location22,Location24,289.0
Location22,Location25,213.0
Location22,Location26,371.0
Location22,Location27,290.0
Location22,Location28,379.0
Location22,Location29,332.0
Location23,Location1,184.0
Location23,Location2,271.0
Location23,Location3,417.0
Location23,Location4,239.0
Location23,Location5,300.0
Location23,Location6,249.0
Location23,Location7,168.0
Location23,Location8,108.0
Location23,Location9,321.0
Location23,Location10,241.0
Location23,Location11,279.0
Location23,Location12,310.0
Location23,Location13,184.0
Location23,Location14,309.0
Location23,Location15,240.0
Location23,Location16,118.0
Location23,Location17,362.0
Location23,Location18,296.0
Location23,Location19,179.0
Location23,Location20,269.0
Location23,Location21,229.0
Location23,Location22,353.0
Location23,Location24,121.0
Location23,Location25,162.0
Location23,Location26,345.0
Location23,Location27,80.0
Location23,Location28,189.0
Location23,Location29,342.0
Location24,Location1,67.0
Location24,Location2,146.0
Location24,Location3,292.0
Location24,Location4,135.0
Location24,Location5,175.0
Location24,Location6,147.0
Location24,Location7,249.0
Location24,Location8,57.0
Location24,Location9,221.0
Location24,Location10,131.0
Location24,Location11,215.0
Location24,Location12,200.0
Location24,Location13,74.0
Location24,Location14,245.0
Location24,Location15,176.0
Location24,Location16,62.0
Location24,Location17,287.0
Location24,Location18,232.0
Location24,Location19,120.0
Location24,Location20,159.0
Location24,Location21,104.0
Location24,Location22,289.0
Location24,Location23,121.0
Location24,Location25,154.0
Location24,Location26,220.0
Location24,Location27,41.0
Location24,Location28,93.0
Location24,Location29,218.0
Location25,Location1,221.0
Location25,Location2,251.0
Location25,Location3,424.0
Location25,Location4,137.0
Location25,Location5,307.0
Location25,Location6,301.0
Location25,Location7,95.0
Location25,Location8,190.0
Location25,Location9,353.0
Location25,Location10,169.0
Location25,Location11,117.0
Location25,Location12,354.0
Location25,Location13,150.0
Location25,Location14,169.0
Location25,Location15,125.0
Location25,Location16,92.0
Location25,Location17,228.0
Location25,Location18,181.0
Location25,Location19,69.0
Location25,Location20,197.0
Location25,Location21,236.0
Location25,Location22,213.0
Location25,Location23,162.0
Location25,Location24,154.0
Location25,Location26,352.0
Location25,Location27,147.0
Location25,Location28,247.0
Location25,Location29,350.0
Location26,Location1,169.0
Location26,Location2,105.0
Location26,Location3,116.0
Location26,Location4,242.0
Location26,Location5,57.0
Location26,Location6,118.0
Location26,Location7,437.0
Location26,Location8,245.0
Location26,Location9,72.0
Location26,Location10,200.0
Location26,Location11,359.0
Location26,Location12,169.0
Location26,Location13,208.0
Location26,Location14,327.0
Location26,Location15,280.0
Location26,Location16,277.0
Location26,Location17,358.0
Location26,Location18,292.0
Location26,Location19,283.0
Location26,Location20,172.0
Location26,Location21,110.0
Location26,Location22,371.0
Location26,Location23,345.0
Location26,Location24,220.0
Location26,Location25,352.0
Location26,Location27,265.0
Location26,Location28,178.0
Location26,Location29,39.0
Location27,Location1,108.0
Location27,Location2,191.0
Location27,Location3,337.0
Location27,Location4,165.0
Location27,Location5,220.0
Location27,Location6,188.0
Location27,Location7,190.0
Location27,Location8,43.0
Location27,Location9,266.0
Location27,Location10,161.0
Location27,Location11,216.0
Location27,Location12,241.0
Location27,Location13,104.0
Location27,Location14,246.0
Location27,Location15,177.0
Location27,Location16,55.0
Location27,Location17,299.0
Location27,Location18,233.0
Location27,Location19,121.0
Location27,Location20,189.0
Location27,Location21,149.0
Location27,Location22,290.0
Location27,Location23,80.0
Location27,Location24,41.0
Location27,Location25,147.0
Location27,Location26,265.0
Location27,Location28,124.0
Location27,Location29,263.0
Location28,Location1,45.0
Location28,Location2,139.0
Location28,Location3,273.0
Location28,Location4,228.0
Location28,Location5,121.0
Location28,Location6,60.0
Location28,Location7,314.0
Location28,Location8,81.0
Location28,Location9,132.0
Location28,Location10,189.0
Location28,Location11,308.0
Location28,Location12,112.0
Location28,Location13,158.0
Location28,Location14,335.0
Location28,Location15,266.0
Location28,Location16,155.0
Location28,Location17,380.0
Location28,Location18,314.0
Location28,Location19,213.0
Location28,Location20,182.0
Location28,Location21,97.0
Location28,Location22,379.0
Location28,Location23,189.0
Location28,Location24,93.0
Location28,Location25,247.0
Location28,Location26,178.0
Location28,Location27,124.0
Location28,Location29,199.0
Location29,Location1,167.0
Location29,Location2,79.0
Location29,Location3,77.0
Location29,Location4,205.0
Location29,Location5,97.0
Location29,Location6,185.0
Location29,Location7,435.0
Location29,Location8,243.0
Location29,Location9,111.0
Location29,Location10,163.0
Location29,Location11,322.0
Location29,Location12,238.0
Location29,Location13,206.0
Location29,Location14,288.0
Location29,Location15,243.0
Location29,Location16,275.0
Location29,Location17,319.0
Location29,Location18,253.0
Location29,Location19,281.0
Location29,Location20,135.0
Location29,Location21,108.0
Location29,Location22,332.0
Location29,Location23,342.0
Location29,Location24,218.0
Location29,Location25,350.0
Location29,Location26,39.0
Location29,Location27,263.0
Location29,Location28,199.0
